phi,supercurrent,resistive_current,total_current,loop_exists,field_periodicity_detected,josephson_relation_consistent,finite_resistive_response
-3.14159265358979,-1.22464679914735e-16,0.05,0.0499999999999999,0,0,1,1
-2.35619449019234,-0.707106781186548,0.05,-0.657106781186548,0,0,1,1
-1.5707963267949,-1,0.05,-0.95,0,0,1,1
-0.785398163397448,-0.707106781186547,0.05,-0.657106781186547,0,0,1,1
0,0,0.05,0.05,0,0,1,1
0.785398163397448,0.707106781186547,0.05,0.757106781186548,0,0,1,1
1.5707963267949,1,0.05,1.05,0,0,1,1
2.35619449019234,0.707106781186548,0.05,0.757106781186548,0,0,1,1
3.14159265358979,1.22464679914735e-16,0.05,0.0500000000000001,0,0,1,1
