term,weight,missing_data_policy,phase14A_status
critical_current_position,0.22,disabled_if_no_switching_feature,frozen_for_phase14B
transition_width_in_current,0.12,disabled_if_no_current_width_observable,frozen_for_phase14B
switching_feature_count,0.1,disabled_if_no_feature_count_observable,frozen_for_phase14B
low_bias_differential_resistance,0.1,requires_low_bias_window,frozen_for_phase14B
high_bias_differential_resistance,0.08,requires_high_bias_window,frozen_for_phase14B
positive_negative_current_symmetry,0.1,requires_positive_and_negative_current,frozen_for_phase14B
temperature_dependence_of_Ic,0.18,requires_multiple_temperature_slices,frozen_for_phase14B
hysteresis_or_retrapping,0.05,optional_if_up_down_sweeps_available,diagnostic_only_until_phase14C
full_dVdI_I_T_map_residual,0.05,requires_registered_current_temperature_grid,secondary_summary_metric
